{
  "ronan_courtyard.json": [
    -491.735937,
    -68760.321874,
    74490.0625
  ],
  "default": [
    -76689,
    58238,
    74490
  ]
}