{
  "harkus_courtyard.json": [
    76200,
    -127000,
    0
  ],
  "additional": [
    -94083.296875,
    113016.445312,
    74750.0
  ]
}